timepoint,sample.id,enzyme,warming,plot,soil,eea,water.content,doy,date
T2,TES026,BX,H,1,Mineral,99.62068121,25.99,154,2014-06-03
T2,TES026,CBH,H,1,Mineral,39.787752,25.99,154,2014-06-03
T2,TES026,HPO,H,1,Mineral,0.333620259,25.99,154,2014-06-03
T2,TES026,NAG,H,1,Mineral,30.97041846,25.99,154,2014-06-03
T2,TES026,BG,H,1,Mineral,160.1792042,25.99,154,2014-06-03
T2,TES026,PO,H,1,Mineral,0.120269228,25.99,154,2014-06-03
T2,TES025,BX,H,1,Organic,354.0778449,36,154,2014-06-03
T2,TES025,CBH,H,1,Organic,139.9873158,36,154,2014-06-03
T2,TES025,HPO,H,1,Organic,1.458797619,36,154,2014-06-03
T2,TES025,NAG,H,1,Organic,95.91472251,36,154,2014-06-03
T2,TES025,BG,H,1,Organic,325.8236216,36,154,2014-06-03
T2,TES025,PO,H,1,Organic,0.85859219,36,154,2014-06-03
T3,TES050,BX,H,1,Mineral,77.51119062,38.89,181,2014-06-30
T3,TES050,CBH,H,1,Mineral,26.31068388,38.89,181,2014-06-30
T3,TES050,HPO,H,1,Mineral,0.876030668,38.89,181,2014-06-30
T3,TES050,NAG,H,1,Mineral,18.97140806,38.89,181,2014-06-30
T3,TES050,PHOS,H,1,Mineral,336.5308353,38.89,181,2014-06-30
T3,TES050,PO,H,1,Mineral,0.153923398,38.89,181,2014-06-30
T3,TES050,BG,H,1,Mineral,172.2399319,38.89,181,2014-06-30
T3,TES049,BX,H,1,Organic,192.8047827,54.45,181,2014-06-30
T3,TES049,CBH,H,1,Organic,93.16678137,54.45,181,2014-06-30
T3,TES049,HPO,H,1,Organic,4.269629534,54.45,181,2014-06-30
T3,TES049,NAG,H,1,Organic,70.4215718,54.45,181,2014-06-30
T3,TES049,PHOS,H,1,Organic,636.6412239,54.45,181,2014-06-30
T3,TES049,PO,H,1,Organic,0.090425511,54.45,181,2014-06-30
T3,TES049,BG,H,1,Organic,383.4762643,54.45,181,2014-06-30
T4,TES074,BX,H,1,Mineral,101.3646427,21.74,237,2014-08-25
T4,TES074,CBH,H,1,Mineral,51.4474009,21.74,237,2014-08-25
T4,TES074,HPO,H,1,Mineral,2.673797208,21.74,237,2014-08-25
T4,TES074,NAG,H,1,Mineral,14.87744885,21.74,237,2014-08-25
T4,TES074,PHOS,H,1,Mineral,342.0654625,21.74,237,2014-08-25
T4,TES074,PO,H,1,Mineral,0.029419043,21.74,237,2014-08-25
T4,TES074,BG,H,1,Mineral,143.0034371,21.74,237,2014-08-25
T4,TES073,BX,H,1,Organic,121.4953356,32.947,237,2014-08-25
T4,TES073,CBH,H,1,Organic,167.4518965,32.947,237,2014-08-25
T4,TES073,HPO,H,1,Organic,2.230204827,32.947,237,2014-08-25
T4,TES073,NAG,H,1,Organic,289.9023208,32.947,237,2014-08-25
T4,TES073,PHOS,H,1,Organic,1243.015839,32.947,237,2014-08-25
T4,TES073,PO,H,1,Organic,0.049333285,32.947,237,2014-08-25
T4,TES073,BG,H,1,Organic,354.444974,32.947,237,2014-08-25
T5,TES098,BX,H,1,Mineral,28.81050139,17.6,265,2014-09-22
T5,TES098,CBH,H,1,Mineral,16.94379876,17.6,265,2014-09-22
T5,TES098,HPO,H,1,Mineral,0.385913114,17.6,265,2014-09-22
T5,TES098,NAG,H,1,Mineral,15.62230254,17.6,265,2014-09-22
T5,TES098,PHOS,H,1,Mineral,124.6242614,17.6,265,2014-09-22
T5,TES098,PO,H,1,Mineral,-0.011578879,17.6,265,2014-09-22
T5,TES098,BG,H,1,Mineral,59.49850284,17.6,265,2014-09-22
T5,TES097,BX,H,1,Organic,160.6561412,43.68288782,265,2014-09-22
T5,TES097,CBH,H,1,Organic,77.19390599,43.68288782,265,2014-09-22
T5,TES097,HPO,H,1,Organic,2.772428295,43.68288782,265,2014-09-22
T5,TES097,NAG,H,1,Organic,67.50908714,43.68288782,265,2014-09-22
T5,TES097,PHOS,H,1,Organic,603.3119386,43.68288782,265,2014-09-22
T5,TES097,PO,H,1,Organic,0.032355672,43.68288782,265,2014-09-22
T5,TES097,BG,H,1,Organic,283.6590714,43.68288782,265,2014-09-22
T6,TES122,CBH,H,1,Mineral,27.61280603,36.83638622,300,2014-10-27
T6,TES122,BX,H,1,Mineral,65.34982242,36.83638622,300,2014-10-27
T6,TES122,NAG,H,1,Mineral,27.47144631,36.83638622,300,2014-10-27
T6,TES122,PHOS,H,1,Mineral,219.859241,36.83638622,300,2014-10-27
T6,TES122,HPO,H,1,Mineral,1.344736681,36.83638622,300,2014-10-27
T6,TES122,PO,H,1,Mineral,0.112156563,36.83638622,300,2014-10-27
T6,TES122,BG,H,1,Mineral,117.1894016,36.83638622,300,2014-10-27
T6,TES121,CBH,H,1,Organic,100.8224801,41.12988894,300,2014-10-27
T6,TES121,BX,H,1,Organic,119.4386269,41.12988894,300,2014-10-27
T6,TES121,NAG,H,1,Organic,228.8440932,41.12988894,300,2014-10-27
T6,TES121,PHOS,H,1,Organic,468.0274424,41.12988894,300,2014-10-27
T6,TES121,HPO,H,1,Organic,2.212261138,41.12988894,300,2014-10-27
T6,TES121,PO,H,1,Organic,0.153047639,41.12988894,300,2014-10-27
T6,TES121,BG,H,1,Organic,281.7685819,41.12988894,300,2014-10-27
T2,TES028,BG,DC,3,Mineral,67.40001657,30.58,154,2014-06-03
T2,TES028,BX,DC,3,Mineral,28.18503478,30.58,154,2014-06-03
T2,TES028,CBH,DC,3,Mineral,10.44649349,30.58,154,2014-06-03
T2,TES028,HPO,DC,3,Mineral,0.274619106,30.58,154,2014-06-03
T2,TES028,NAG,DC,3,Mineral,10.59839836,30.58,154,2014-06-03
T2,TES028,PO,DC,3,Mineral,0.068479938,30.58,154,2014-06-03
T2,TES027,BX,DC,3,Organic,463.9782967,65.57,154,2014-06-03
T2,TES027,CBH,DC,3,Organic,336.1404949,65.57,154,2014-06-03
T2,TES027,HPO,DC,3,Organic,0.263114365,65.57,154,2014-06-03
T2,TES027,NAG,DC,3,Organic,474.2906588,65.57,154,2014-06-03
T2,TES027,BG,DC,3,Organic,778.7028328,65.57,154,2014-06-03
T2,TES027,PO,DC,3,Organic,0.159489709,65.57,154,2014-06-03
T3,TES052,BG,DC,3,Mineral,234.4734493,41.02,181,2014-06-30
T3,TES052,BX,DC,3,Mineral,104.9020996,41.02,181,2014-06-30
T3,TES052,CBH,DC,3,Mineral,64.66491349,41.02,181,2014-06-30
T3,TES052,HPO,DC,3,Mineral,3.17079848,41.02,181,2014-06-30
T3,TES052,NAG,DC,3,Mineral,35.6538912,41.02,181,2014-06-30
T3,TES052,PHOS,DC,3,Mineral,424.1907114,41.02,181,2014-06-30
T3,TES052,PO,DC,3,Mineral,0.051897309,41.02,181,2014-06-30
T3,TES051,BX,DC,3,Organic,196.4060261,78.1,181,2014-06-30
T3,TES051,CBH,DC,3,Organic,202.6945693,78.1,181,2014-06-30
T3,TES051,HPO,DC,3,Organic,9.618983297,78.1,181,2014-06-30
T3,TES051,NAG,DC,3,Organic,1148.158713,78.1,181,2014-06-30
T3,TES051,PHOS,DC,3,Organic,1857.909036,78.1,181,2014-06-30
T3,TES051,PO,DC,3,Organic,0.164136199,78.1,181,2014-06-30
T3,TES051,BG,DC,3,Organic,634.7232327,78.1,181,2014-06-30
T4,TES076,BG,DC,3,Mineral,133.7629544,30.5,237,2014-08-25
T4,TES076,BX,DC,3,Mineral,70.80292593,30.5,237,2014-08-25
T4,TES076,CBH,DC,3,Mineral,38.31669237,30.5,237,2014-08-25
T4,TES076,HPO,DC,3,Mineral,2.339942449,30.5,237,2014-08-25
T4,TES076,NAG,DC,3,Mineral,21.14878997,30.5,237,2014-08-25
T4,TES076,PHOS,DC,3,Mineral,290.7695828,30.5,237,2014-08-25
T4,TES076,PO,DC,3,Mineral,0.012725351,30.5,237,2014-08-25
T4,TES075,BX,DC,3,Organic,130.9110452,42.47762864,237,2014-08-25
T4,TES075,CBH,DC,3,Organic,108.9824624,42.47762864,237,2014-08-25
T4,TES075,HPO,DC,3,Organic,1.453836181,42.47762864,237,2014-08-25
T4,TES075,NAG,DC,3,Organic,161.4153491,42.47762864,237,2014-08-25
T4,TES075,PHOS,DC,3,Organic,444.2506017,42.47762864,237,2014-08-25
T4,TES075,PO,DC,3,Organic,0.032771443,42.47762864,237,2014-08-25
T4,TES075,BG,DC,3,Organic,331.1974571,42.47762864,237,2014-08-25
T5,TES100,BG,DC,3,Mineral,52.4787515,17.05,265,2014-09-22
T5,TES100,BX,DC,3,Mineral,16.41032384,17.05,265,2014-09-22
T5,TES100,CBH,DC,3,Mineral,10.54698812,17.05,265,2014-09-22
T5,TES100,HPO,DC,3,Mineral,1.940982852,17.05,265,2014-09-22
T5,TES100,NAG,DC,3,Mineral,13.76788698,17.05,265,2014-09-22
T5,TES100,PHOS,DC,3,Mineral,114.9034795,17.05,265,2014-09-22
T5,TES100,PO,DC,3,Mineral,0.000293715,17.05,265,2014-09-22
T5,TES099,BX,DC,3,Organic,89.7544813,51.9,265,2014-09-22
T5,TES099,CBH,DC,3,Organic,67.19546952,51.9,265,2014-09-22
T5,TES099,HPO,DC,3,Organic,2.614406115,51.9,265,2014-09-22
T5,TES099,NAG,DC,3,Organic,141.5793771,51.9,265,2014-09-22
T5,TES099,PHOS,DC,3,Organic,350.9923699,51.9,265,2014-09-22
T5,TES099,PO,DC,3,Organic,0.073107362,51.9,265,2014-09-22
T5,TES099,BG,DC,3,Organic,184.6487531,51.9,265,2014-09-22
T6,TES124,BG,DC,3,Mineral,74.31411428,36.67281182,300,2014-10-27
T6,TES124,CBH,DC,3,Mineral,17.65469998,36.67281182,300,2014-10-27
T6,TES124,BX,DC,3,Mineral,19.28019462,36.67281182,300,2014-10-27
T6,TES124,NAG,DC,3,Mineral,24.87916435,36.67281182,300,2014-10-27
T6,TES124,PHOS,DC,3,Mineral,163.6479045,36.67281182,300,2014-10-27
T6,TES124,HPO,DC,3,Mineral,2.734017909,36.67281182,300,2014-10-27
T6,TES124,PO,DC,3,Mineral,0.080072161,36.67281182,300,2014-10-27
T6,TES123,CBH,DC,3,Organic,110.8074212,65.29461517,300,2014-10-27
T6,TES123,BX,DC,3,Organic,117.7946427,65.29461517,300,2014-10-27
T6,TES123,NAG,DC,3,Organic,520.1510527,65.29461517,300,2014-10-27
T6,TES123,PHOS,DC,3,Organic,636.809629,65.29461517,300,2014-10-27
T6,TES123,HPO,DC,3,Organic,2.189961445,65.29461517,300,2014-10-27
T6,TES123,PO,DC,3,Organic,0.287142865,65.29461517,300,2014-10-27
T6,TES123,BG,DC,3,Organic,441.2810897,65.29461517,300,2014-10-27
T2,TES032,BG,DC,5,Mineral,208.3867133,51.08,154,2014-06-03
T2,TES032,BX,DC,5,Mineral,177.7904315,51.08,154,2014-06-03
T2,TES032,CBH,DC,5,Mineral,95.31724457,51.08,154,2014-06-03
T2,TES032,HPO,DC,5,Mineral,1.366366127,51.08,154,2014-06-03
T2,TES032,NAG,DC,5,Mineral,29.85599074,51.08,154,2014-06-03
T2,TES032,PO,DC,5,Mineral,0.595103066,51.08,154,2014-06-03
T2,TES031,BX,DC,5,Organic,593.7823436,81.94,154,2014-06-03
T2,TES031,CBH,DC,5,Organic,265.0066149,81.94,154,2014-06-03
T2,TES031,HPO,DC,5,Organic,5.573770241,81.94,154,2014-06-03
T2,TES031,NAG,DC,5,Organic,279.653719,81.94,154,2014-06-03
T2,TES031,BG,DC,5,Organic,656.0947725,81.94,154,2014-06-03
T2,TES031,PO,DC,5,Organic,-0.101859485,81.94,154,2014-06-03
T3,TES056,BG,DC,5,Mineral,194.4054557,46.05,181,2014-06-30
T3,TES056,BX,DC,5,Mineral,65.546093,46.05,181,2014-06-30
T3,TES056,CBH,DC,5,Mineral,48.57657392,46.05,181,2014-06-30
T3,TES056,HPO,DC,5,Mineral,2.616676559,46.05,181,2014-06-30
T3,TES056,NAG,DC,5,Mineral,50.29111432,46.05,181,2014-06-30
T3,TES056,PHOS,DC,5,Mineral,308.7524141,46.05,181,2014-06-30
T3,TES056,PO,DC,5,Mineral,0.069074159,46.05,181,2014-06-30
T3,TES055,BX,DC,5,Organic,294.9403928,83.24,181,2014-06-30
T3,TES055,CBH,DC,5,Organic,212.6631412,83.24,181,2014-06-30
T3,TES055,HPO,DC,5,Organic,3.255529324,83.24,181,2014-06-30
T3,TES055,NAG,DC,5,Organic,725.0418338,83.24,181,2014-06-30
T3,TES055,PHOS,DC,5,Organic,1355.979544,83.24,181,2014-06-30
T3,TES055,PO,DC,5,Organic,0.174675144,83.24,181,2014-06-30
T3,TES055,BG,DC,5,Organic,746.1187514,83.24,181,2014-06-30
T4,TES080,BG,DC,5,Mineral,233.1575029,36.315427,237,2014-08-25
T4,TES080,BX,DC,5,Mineral,127.8546521,36.315427,237,2014-08-25
T4,TES080,CBH,DC,5,Mineral,70.3507811,36.315427,237,2014-08-25
T4,TES080,HPO,DC,5,Mineral,2.529847193,36.315427,237,2014-08-25
T4,TES080,NAG,DC,5,Mineral,53.3294326,36.315427,237,2014-08-25
T4,TES080,PHOS,DC,5,Mineral,250.6051475,36.315427,237,2014-08-25
T4,TES080,PO,DC,5,Mineral,0.049837117,36.315427,237,2014-08-25
T4,TES079,BX,DC,5,Organic,42.31144977,43.40934372,237,2014-08-25
T4,TES079,CBH,DC,5,Organic,24.38026759,43.40934372,237,2014-08-25
T4,TES079,HPO,DC,5,Organic,1.509947935,43.40934372,237,2014-08-25
T4,TES079,NAG,DC,5,Organic,249.9777748,43.40934372,237,2014-08-25
T4,TES079,PHOS,DC,5,Organic,731.7692567,43.40934372,237,2014-08-25
T4,TES079,PO,DC,5,Organic,0.119784641,43.40934372,237,2014-08-25
T4,TES079,BG,DC,5,Organic,125.646631,43.40934372,237,2014-08-25
T5,TES104,BG,DC,5,Mineral,141.2307751,31.34,265,2014-09-22
T5,TES104,BX,DC,5,Mineral,79.5869741,31.34,265,2014-09-22
T5,TES104,CBH,DC,5,Mineral,39.92925048,31.34,265,2014-09-22
T5,TES104,HPO,DC,5,Mineral,2.292657388,31.34,265,2014-09-22
T5,TES104,NAG,DC,5,Mineral,71.79834299,31.34,265,2014-09-22
T5,TES104,PHOS,DC,5,Mineral,225.2564218,31.34,265,2014-09-22
T5,TES104,PO,DC,5,Mineral,0.0321589,31.34,265,2014-09-22
T5,TES103,BX,DC,5,Organic,67.71955904,64.52,265,2014-09-22
T5,TES103,CBH,DC,5,Organic,336.1341778,64.52,265,2014-09-22
T5,TES103,HPO,DC,5,Organic,1.461481128,64.52,265,2014-09-22
T5,TES103,NAG,DC,5,Organic,1549.349981,64.52,265,2014-09-22
T5,TES103,PHOS,DC,5,Organic,1411.782172,64.52,265,2014-09-22
T5,TES103,PO,DC,5,Organic,0.036832473,64.52,265,2014-09-22
T5,TES103,BG,DC,5,Organic,679.8981184,64.52,265,2014-09-22
T6,TES128,BG,DC,5,Mineral,153.669892,47.5002039,300,2014-10-27
T6,TES128,CBH,DC,5,Mineral,48.01354345,47.5002039,300,2014-10-27
T6,TES128,BX,DC,5,Mineral,74.04204964,47.5002039,300,2014-10-27
T6,TES128,NAG,DC,5,Mineral,37.1627165,47.5002039,300,2014-10-27
T6,TES128,PHOS,DC,5,Mineral,245.4181774,47.5002039,300,2014-10-27
T6,TES128,HPO,DC,5,Mineral,3.059692371,47.5002039,300,2014-10-27
T6,TES128,PO,DC,5,Mineral,0.119190981,47.5002039,300,2014-10-27
T6,TES127,CBH,DC,5,Organic,78.46289959,53.31339162,300,2014-10-27
T6,TES127,BX,DC,5,Organic,73.58759107,53.31339162,300,2014-10-27
T6,TES127,NAG,DC,5,Organic,830.1860137,53.31339162,300,2014-10-27
T6,TES127,PHOS,DC,5,Organic,639.6948884,53.31339162,300,2014-10-27
T6,TES127,HPO,DC,5,Organic,2.313798746,53.31339162,300,2014-10-27
T6,TES127,PO,DC,5,Organic,0.242384187,53.31339162,300,2014-10-27
T6,TES127,BG,DC,5,Organic,374.6542303,53.31339162,300,2014-10-27
T2,TES030,BX,H,6,Mineral,169.9791738,27.28,154,2014-06-03
T2,TES030,CBH,H,6,Mineral,69.06519581,27.28,154,2014-06-03
T2,TES030,HPO,H,6,Mineral,1.450078863,27.28,154,2014-06-03
T2,TES030,NAG,H,6,Mineral,29.46029911,27.28,154,2014-06-03
T2,TES030,BG,H,6,Mineral,176.6548701,27.28,154,2014-06-03
T2,TES030,PO,H,6,Mineral,0.63810653,27.28,154,2014-06-03
T2,TES029,BX,H,6,Organic,1029.812603,84.54,154,2014-06-03
T2,TES029,CBH,H,6,Organic,317.7433245,84.54,154,2014-06-03
T2,TES029,HPO,H,6,Organic,4.028120633,84.54,154,2014-06-03
T2,TES029,NAG,H,6,Organic,269.7127711,84.54,154,2014-06-03
T2,TES029,BG,H,6,Organic,663.7203735,84.54,154,2014-06-03
T2,TES029,PO,H,6,Organic,-0.194964517,84.54,154,2014-06-03
T3,TES054,BX,H,6,Mineral,135.0621555,44.78,181,2014-06-30
T3,TES054,CBH,H,6,Mineral,54.6012012,44.78,181,2014-06-30
T3,TES054,HPO,H,6,Mineral,1.41864478,44.78,181,2014-06-30
T3,TES054,NAG,H,6,Mineral,62.74614087,44.78,181,2014-06-30
T3,TES054,PHOS,H,6,Mineral,377.2286662,44.78,181,2014-06-30
T3,TES054,PO,H,6,Mineral,0.047407447,44.78,181,2014-06-30
T3,TES054,BG,H,6,Mineral,184.0928265,44.78,181,2014-06-30
T3,TES053,BX,H,6,Organic,282.8510202,61.3,181,2014-06-30
T3,TES053,CBH,H,6,Organic,122.1044632,61.3,181,2014-06-30
T3,TES053,HPO,H,6,Organic,2.701647414,61.3,181,2014-06-30
T3,TES053,NAG,H,6,Organic,231.2052703,61.3,181,2014-06-30
T3,TES053,PHOS,H,6,Organic,647.7540753,61.3,181,2014-06-30
T3,TES053,PO,H,6,Organic,0.09630054,61.3,181,2014-06-30
T3,TES053,BG,H,6,Organic,423.6239217,61.3,181,2014-06-30
T4,TES078,BX,H,6,Mineral,54.79716323,25.14366417,237,2014-08-25
T4,TES078,CBH,H,6,Mineral,21.00705829,25.14366417,237,2014-08-25
T4,TES078,HPO,H,6,Mineral,0.519326258,25.14366417,237,2014-08-25
T4,TES078,NAG,H,6,Mineral,20.77546496,25.14366417,237,2014-08-25
T4,TES078,PHOS,H,6,Mineral,136.9066478,25.14366417,237,2014-08-25
T4,TES078,PO,H,6,Mineral,0.010486311,25.14366417,237,2014-08-25
T4,TES078,BG,H,6,Mineral,75.91759578,25.14366417,237,2014-08-25
T4,TES077,BX,H,6,Organic,130.5479262,37.08961846,237,2014-08-25
T4,TES077,CBH,H,6,Organic,53.69984078,37.08961846,237,2014-08-25
T4,TES077,HPO,H,6,Organic,3.74671657,37.08961846,237,2014-08-25
T4,TES077,NAG,H,6,Organic,126.3446017,37.08961846,237,2014-08-25
T4,TES077,PHOS,H,6,Organic,619.0134017,37.08961846,237,2014-08-25
T4,TES077,PO,H,6,Organic,0.064538679,37.08961846,237,2014-08-25
T4,TES077,BG,H,6,Organic,185.0079799,37.08961846,237,2014-08-25
T5,TES102,BX,H,6,Mineral,56.87197734,19.17,265,2014-09-22
T5,TES102,CBH,H,6,Mineral,29.73227292,19.17,265,2014-09-22
T5,TES102,HPO,H,6,Mineral,1.026101843,19.17,265,2014-09-22
T5,TES102,NAG,H,6,Mineral,16.6513551,19.17,265,2014-09-22
T5,TES102,PHOS,H,6,Mineral,177.740693,19.17,265,2014-09-22
T5,TES102,PO,H,6,Mineral,-0.001010802,19.17,265,2014-09-22
T5,TES102,BG,H,6,Mineral,86.03606382,19.17,265,2014-09-22
T5,TES101,BX,H,6,Organic,244.0310835,47.377,265,2014-09-22
T5,TES101,CBH,H,6,Organic,160.1112095,47.377,265,2014-09-22
T5,TES101,HPO,H,6,Organic,3.594157479,47.377,265,2014-09-22
T5,TES101,NAG,H,6,Organic,105.4928151,47.377,265,2014-09-22
T5,TES101,PHOS,H,6,Organic,598.4546154,47.377,265,2014-09-22
T5,TES101,PO,H,6,Organic,0.003240905,47.377,265,2014-09-22
T5,TES101,BG,H,6,Organic,292.6778931,47.377,265,2014-09-22
T6,TES126,CBH,H,6,Mineral,27.51719698,29.01742961,300,2014-10-27
T6,TES126,BX,H,6,Mineral,47.10664582,29.01742961,300,2014-10-27
T6,TES126,NAG,H,6,Mineral,33.80781863,29.01742961,300,2014-10-27
T6,TES126,PHOS,H,6,Mineral,238.2594503,29.01742961,300,2014-10-27
T6,TES126,HPO,H,6,Mineral,0.958395752,29.01742961,300,2014-10-27
T6,TES126,PO,H,6,Mineral,0.085406454,29.01742961,300,2014-10-27
T6,TES126,BG,H,6,Mineral,39.27940661,29.01742961,300,2014-10-27
T6,TES125,CBH,H,6,Organic,57.00477491,26.83949898,300,2014-10-27
T6,TES125,BX,H,6,Organic,83.83263653,26.83949898,300,2014-10-27
T6,TES125,NAG,H,6,Organic,153.5671997,26.83949898,300,2014-10-27
T6,TES125,PHOS,H,6,Organic,506.4836062,26.83949898,300,2014-10-27
T6,TES125,HPO,H,6,Organic,3.717089629,26.83949898,300,2014-10-27
T6,TES125,PO,H,6,Organic,0.119578935,26.83949898,300,2014-10-27
T6,TES125,BG,H,6,Organic,192.8536805,26.83949898,300,2014-10-27
T2,TES034,BX,H,8,Mineral,187.7132519,38.84,154,2014-06-03
T2,TES034,CBH,H,8,Mineral,50.16501753,38.84,154,2014-06-03
T2,TES034,HPO,H,8,Mineral,2.303675409,38.84,154,2014-06-03
T2,TES034,NAG,H,8,Mineral,19.61196337,38.84,154,2014-06-03
T2,TES034,BG,H,8,Mineral,156.0730513,38.84,154,2014-06-03
T2,TES034,PO,H,8,Mineral,-0.030350273,38.84,154,2014-06-03
T2,TES033,BX,H,8,Organic,431.7422517,58.17,154,2014-06-03
T2,TES033,CBH,H,8,Organic,369.9499511,58.17,154,2014-06-03
T2,TES033,HPO,H,8,Organic,0.453953661,58.17,154,2014-06-03
T2,TES033,NAG,H,8,Organic,191.1957096,58.17,154,2014-06-03
T2,TES033,BG,H,8,Organic,635.7225369,58.17,154,2014-06-03
T2,TES033,PO,H,8,Organic,-0.050016172,58.17,154,2014-06-03
T3,TES058,BX,H,8,Mineral,95.77369126,46.86,181,2014-06-30
T3,TES058,CBH,H,8,Mineral,42.09029117,46.86,181,2014-06-30
T3,TES058,HPO,H,8,Mineral,1.39125568,46.86,181,2014-06-30
T3,TES058,NAG,H,8,Mineral,61.50282652,46.86,181,2014-06-30
T3,TES058,PHOS,H,8,Mineral,418.2254264,46.86,181,2014-06-30
T3,TES058,PO,H,8,Mineral,0.048890011,46.86,181,2014-06-30
T3,TES058,BG,H,8,Mineral,170.3668388,46.86,181,2014-06-30
T3,TES057,BX,H,8,Organic,211.2422346,60.56,181,2014-06-30
T3,TES057,CBH,H,8,Organic,130.9103739,60.56,181,2014-06-30
T3,TES057,HPO,H,8,Organic,2.845430657,60.56,181,2014-06-30
T3,TES057,NAG,H,8,Organic,257.4518417,60.56,181,2014-06-30
T3,TES057,PHOS,H,8,Organic,1332.23668,60.56,181,2014-06-30
T3,TES057,PO,H,8,Organic,0.202267665,60.56,181,2014-06-30
T3,TES057,BG,H,8,Organic,419.7404646,60.56,181,2014-06-30
T4,TES082,BX,H,8,Mineral,56.88226679,20.97915351,237,2014-08-25
T4,TES082,CBH,H,8,Mineral,22.09237279,20.97915351,237,2014-08-25
T4,TES082,HPO,H,8,Mineral,0.226576582,20.97915351,237,2014-08-25
T4,TES082,NAG,H,8,Mineral,13.01147333,20.97915351,237,2014-08-25
T4,TES082,PHOS,H,8,Mineral,261.3677081,20.97915351,237,2014-08-25
T4,TES082,PO,H,8,Mineral,0.282910384,20.97915351,237,2014-08-25
T4,TES082,BG,H,8,Mineral,101.7783207,20.97915351,237,2014-08-25
T4,TES081,BX,H,8,Organic,148.1275501,19.98364868,237,2014-08-25
T4,TES081,CBH,H,8,Organic,118.2513723,19.98364868,237,2014-08-25
T4,TES081,HPO,H,8,Organic,2.830215735,19.98364868,237,2014-08-25
T4,TES081,NAG,H,8,Organic,70.28165263,19.98364868,237,2014-08-25
T4,TES081,PHOS,H,8,Organic,736.5047051,19.98364868,237,2014-08-25
T4,TES081,PO,H,8,Organic,0.048907097,19.98364868,237,2014-08-25
T4,TES081,BG,H,8,Organic,269.0887443,19.98364868,237,2014-08-25
T5,TES106,BX,H,8,Mineral,39.90801163,17.26,265,2014-09-22
T5,TES106,CBH,H,8,Mineral,13.81355453,17.26,265,2014-09-22
T5,TES106,HPO,H,8,Mineral,0.927617322,17.26,265,2014-09-22
T5,TES106,NAG,H,8,Mineral,21.96625725,17.26,265,2014-09-22
T5,TES106,PHOS,H,8,Mineral,277.7386051,17.26,265,2014-09-22
T5,TES106,PO,H,8,Mineral,0.155721338,17.26,265,2014-09-22
T5,TES106,BG,H,8,Mineral,95.65205682,17.26,265,2014-09-22
T5,TES105,BX,H,8,Organic,128.5201784,32.7,265,2014-09-22
T5,TES105,CBH,H,8,Organic,121.5443721,32.7,265,2014-09-22
T5,TES105,HPO,H,8,Organic,3.288791515,32.7,265,2014-09-22
T5,TES105,NAG,H,8,Organic,115.344494,32.7,265,2014-09-22
T5,TES105,PHOS,H,8,Organic,561.9227791,32.7,265,2014-09-22
T5,TES105,PO,H,8,Organic,0.069232756,32.7,265,2014-09-22
T5,TES105,BG,H,8,Organic,245.0026249,32.7,265,2014-09-22
T6,TES130,CBH,H,8,Mineral,18.24305123,31.2337261,300,2014-10-27
T6,TES130,BX,H,8,Mineral,40.27408062,31.2337261,300,2014-10-27
T6,TES130,NAG,H,8,Mineral,19.39314476,31.2337261,300,2014-10-27
T6,TES130,PHOS,H,8,Mineral,215.1144698,31.2337261,300,2014-10-27
T6,TES130,HPO,H,8,Mineral,0.557717223,31.2337261,300,2014-10-27
T6,TES130,PO,H,8,Mineral,0.071608949,31.2337261,300,2014-10-27
T6,TES130,BG,H,8,Mineral,67.87427355,31.2337261,300,2014-10-27
T6,TES129,CBH,H,8,Organic,28.37774491,50.81258136,300,2014-10-27
T6,TES129,BX,H,8,Organic,33.59463582,50.81258136,300,2014-10-27
T6,TES129,NAG,H,8,Organic,284.6292606,50.81258136,300,2014-10-27
T6,TES129,PHOS,H,8,Organic,749.8145423,50.81258136,300,2014-10-27
T6,TES129,HPO,H,8,Organic,5.472833993,50.81258136,300,2014-10-27
T6,TES129,PO,H,8,Organic,0.16196614,50.81258136,300,2014-10-27
T6,TES129,BG,H,8,Organic,112.7298548,50.81258136,300,2014-10-27
T2,TES036,BG,DC,9,Mineral,87.9595375,31.73,154,2014-06-03
T2,TES036,BX,DC,9,Mineral,87.1549475,31.73,154,2014-06-03
T2,TES036,CBH,DC,9,Mineral,19.39614764,31.73,154,2014-06-03
T2,TES036,HPO,DC,9,Mineral,0.675559419,31.73,154,2014-06-03
T2,TES036,NAG,DC,9,Mineral,30.51349461,31.73,154,2014-06-03
T2,TES036,PO,DC,9,Mineral,-0.048242463,31.73,154,2014-06-03
T2,TES035,BG,DC,9,Organic,480.2277985,53.48,154,2014-06-03
T2,TES035,BX,DC,9,Organic,504.8926692,53.48,154,2014-06-03
T2,TES035,CBH,DC,9,Organic,235.2661165,53.48,154,2014-06-03
T2,TES035,HPO,DC,9,Organic,2.64196745,53.48,154,2014-06-03
T2,TES035,NAG,DC,9,Organic,397.5237529,53.48,154,2014-06-03
T2,TES035,PO,DC,9,Organic,-0.22317686,53.48,154,2014-06-03
T3,TES060,BG,DC,9,Mineral,165.043659,43.19,181,2014-06-30
T3,TES060,BX,DC,9,Mineral,79.99410762,43.19,181,2014-06-30
T3,TES060,CBH,DC,9,Mineral,50.51797984,43.19,181,2014-06-30
T3,TES060,HPO,DC,9,Mineral,1.887058951,43.19,181,2014-06-30
T3,TES060,NAG,DC,9,Mineral,20.42975377,43.19,181,2014-06-30
T3,TES060,PHOS,DC,9,Mineral,344.2083332,43.19,181,2014-06-30
T3,TES060,PO,DC,9,Mineral,0.05142132,43.19,181,2014-06-30
T3,TES059,BG,DC,9,Organic,840.1206686,84.47,181,2014-06-30
T3,TES059,BX,DC,9,Organic,540.9076184,84.47,181,2014-06-30
T3,TES059,CBH,DC,9,Organic,217.8895666,84.47,181,2014-06-30
T3,TES059,HPO,DC,9,Organic,6.682495613,84.47,181,2014-06-30
T3,TES059,NAG,DC,9,Organic,372.9061635,84.47,181,2014-06-30
T3,TES059,PHOS,DC,9,Organic,1339.382211,84.47,181,2014-06-30
T3,TES059,PO,DC,9,Organic,0.423863933,84.47,181,2014-06-30
T4,TES084,BG,DC,9,Mineral,127.7434384,27.14505382,237,2014-08-25
T4,TES084,BX,DC,9,Mineral,79.41271696,27.14505382,237,2014-08-25
T4,TES084,CBH,DC,9,Mineral,40.66999012,27.14505382,237,2014-08-25
T4,TES084,HPO,DC,9,Mineral,2.417044083,27.14505382,237,2014-08-25
T4,TES084,NAG,DC,9,Mineral,23.07498333,27.14505382,237,2014-08-25
T4,TES084,PHOS,DC,9,Mineral,234.7654871,27.14505382,237,2014-08-25
T4,TES084,PO,DC,9,Mineral,0.040894327,27.14505382,237,2014-08-25
T4,TES083,BG,DC,9,Organic,620.5691836,70.41401606,237,2014-08-25
T4,TES083,BX,DC,9,Organic,216.0733778,70.41401606,237,2014-08-25
T4,TES083,CBH,DC,9,Organic,221.9400266,70.41401606,237,2014-08-25
T4,TES083,HPO,DC,9,Organic,0.342425403,70.41401606,237,2014-08-25
T4,TES083,NAG,DC,9,Organic,234.8071172,70.41401606,237,2014-08-25
T4,TES083,PHOS,DC,9,Organic,1255.813122,70.41401606,237,2014-08-25
T4,TES083,PO,DC,9,Organic,0.080183992,70.41401606,237,2014-08-25
T5,TES108,BG,DC,9,Mineral,99.27305018,16.45,265,2014-09-22
T5,TES108,BX,DC,9,Mineral,27.59051485,16.45,265,2014-09-22
T5,TES108,CBH,DC,9,Mineral,24.82499847,16.45,265,2014-09-22
T5,TES108,HPO,DC,9,Mineral,1.323969101,16.45,265,2014-09-22
T5,TES108,NAG,DC,9,Mineral,22.61819853,16.45,265,2014-09-22
T5,TES108,PHOS,DC,9,Mineral,181.3403855,16.45,265,2014-09-22
T5,TES108,PO,DC,9,Mineral,0.003343022,16.45,265,2014-09-22
T5,TES107,BG,DC,9,Organic,275.4359838,37.96,265,2014-09-22
T5,TES107,BX,DC,9,Organic,93.79576345,37.96,265,2014-09-22
T5,TES107,CBH,DC,9,Organic,154.990138,37.96,265,2014-09-22
T5,TES107,HPO,DC,9,Organic,2.806199175,37.96,265,2014-09-22
T5,TES107,NAG,DC,9,Organic,119.8162019,37.96,265,2014-09-22
T5,TES107,PHOS,DC,9,Organic,562.8957729,37.96,265,2014-09-22
T5,TES107,PO,DC,9,Organic,0.008467329,37.96,265,2014-09-22
T6,TES132,BG,DC,9,Mineral,303.3568543,41.56797623,300,2014-10-27
T6,TES132,CBH,DC,9,Mineral,179.7583486,41.56797623,300,2014-10-27
T6,TES132,BX,DC,9,Mineral,55.13279589,41.56797623,300,2014-10-27
T6,TES132,NAG,DC,9,Mineral,397.3121061,41.56797623,300,2014-10-27
T6,TES132,PHOS,DC,9,Mineral,235.4877783,41.56797623,300,2014-10-27
T6,TES132,HPO,DC,9,Mineral,2.18661562,41.56797623,300,2014-10-27
T6,TES132,PO,DC,9,Mineral,0.101214968,41.56797623,300,2014-10-27
T6,TES131,BG,DC,9,Organic,475.2888371,65.61051005,300,2014-10-27
T6,TES131,CBH,DC,9,Organic,188.3300766,65.61051005,300,2014-10-27
T6,TES131,BX,DC,9,Organic,184.6825772,65.61051005,300,2014-10-27
T6,TES131,NAG,DC,9,Organic,313.1713114,65.61051005,300,2014-10-27
T6,TES131,PHOS,DC,9,Organic,727.6021747,65.61051005,300,2014-10-27
T6,TES131,HPO,DC,9,Organic,2.560368456,65.61051005,300,2014-10-27
T6,TES131,PO,DC,9,Organic,0.263220922,65.61051005,300,2014-10-27
T2,TES040,BG,DC,10,Mineral,110.3932654,53.02,154,2014-06-03
T2,TES040,BX,DC,10,Mineral,78.19156825,53.02,154,2014-06-03
T2,TES040,CBH,DC,10,Mineral,25.08202443,53.02,154,2014-06-03
T2,TES040,HPO,DC,10,Mineral,0.782663312,53.02,154,2014-06-03
T2,TES040,NAG,DC,10,Mineral,77.3533581,53.02,154,2014-06-03
T2,TES040,PO,DC,10,Mineral,0.091146893,53.02,154,2014-06-03
T2,TES039,BG,DC,10,Organic,363.3184665,74.69,154,2014-06-03
T2,TES039,BX,DC,10,Organic,454.3968776,74.69,154,2014-06-03
T2,TES039,CBH,DC,10,Organic,139.8805908,74.69,154,2014-06-03
T2,TES039,HPO,DC,10,Organic,3.268468023,74.69,154,2014-06-03
T2,TES039,NAG,DC,10,Organic,118.3947204,74.69,154,2014-06-03
T2,TES039,PO,DC,10,Organic,1.622616321,74.69,154,2014-06-03
T3,TES064,BG,DC,10,Mineral,116.682392,66.41,181,2014-06-30
T3,TES064,BX,DC,10,Mineral,75.06310998,66.41,181,2014-06-30
T3,TES064,CBH,DC,10,Mineral,25.02356288,66.41,181,2014-06-30
T3,TES064,HPO,DC,10,Mineral,2.882941465,66.41,181,2014-06-30
T3,TES064,NAG,DC,10,Mineral,51.41343948,66.41,181,2014-06-30
T3,TES064,PHOS,DC,10,Mineral,392.9695401,66.41,181,2014-06-30
T3,TES064,PO,DC,10,Mineral,0.115652723,66.41,181,2014-06-30
T3,TES063,BG,DC,10,Organic,295.314459,67.53,181,2014-06-30
T3,TES063,BX,DC,10,Organic,210.0518877,67.53,181,2014-06-30
T3,TES063,CBH,DC,10,Organic,99.28748503,67.53,181,2014-06-30
T3,TES063,HPO,DC,10,Organic,9.27979232,67.53,181,2014-06-30
T3,TES063,NAG,DC,10,Organic,79.87098052,67.53,181,2014-06-30
T3,TES063,PHOS,DC,10,Organic,671.7916501,67.53,181,2014-06-30
T3,TES063,PO,DC,10,Organic,0.188866847,67.53,181,2014-06-30
T4,TES088,BX,DC,10,Mineral,55.10131205,29.2074199,237,2014-08-25
T4,TES088,CBH,DC,10,Mineral,32.54777584,29.2074199,237,2014-08-25
T4,TES088,HPO,DC,10,Mineral,1.476716821,29.2074199,237,2014-08-25
T4,TES088,NAG,DC,10,Mineral,26.28012035,29.2074199,237,2014-08-25
T4,TES088,PHOS,DC,10,Mineral,225.0486261,29.2074199,237,2014-08-25
T4,TES088,PO,DC,10,Mineral,0.271745178,29.2074199,237,2014-08-25
T4,TES088,BG,DC,10,Mineral,106.8727068,29.2074199,237,2014-08-25
T4,TES087,BG,DC,10,Organic,226.3551593,38.87047594,237,2014-08-25
T4,TES087,BX,DC,10,Organic,177.1765114,38.87047594,237,2014-08-25
T4,TES087,CBH,DC,10,Organic,105.64152,38.87047594,237,2014-08-25
T4,TES087,HPO,DC,10,Organic,3.946734014,38.87047594,237,2014-08-25
T4,TES087,NAG,DC,10,Organic,94.9730936,38.87047594,237,2014-08-25
T4,TES087,PHOS,DC,10,Organic,560.534176,38.87047594,237,2014-08-25
T4,TES087,PO,DC,10,Organic,0.254867207,38.87047594,237,2014-08-25
T5,TES112,BG,DC,10,Mineral,118.635716,22.58,265,2014-09-22
T5,TES112,BX,DC,10,Mineral,79.05340337,22.58,265,2014-09-22
T5,TES112,CBH,DC,10,Mineral,29.7684099,22.58,265,2014-09-22
T5,TES112,HPO,DC,10,Mineral,1.451125255,22.58,265,2014-09-22
T5,TES112,NAG,DC,10,Mineral,20.68867591,22.58,265,2014-09-22
T5,TES112,PHOS,DC,10,Mineral,209.2288589,22.58,265,2014-09-22
T5,TES112,PO,DC,10,Mineral,0.008119797,22.58,265,2014-09-22
T5,TES111,BG,DC,10,Organic,250.7356455,49.01,265,2014-09-22
T5,TES111,BX,DC,10,Organic,77.50857982,49.01,265,2014-09-22
T5,TES111,CBH,DC,10,Organic,52.46559501,49.01,265,2014-09-22
T5,TES111,HPO,DC,10,Organic,4.129149055,49.01,265,2014-09-22
T5,TES111,NAG,DC,10,Organic,239.1861536,49.01,265,2014-09-22
T5,TES111,PHOS,DC,10,Organic,689.1582121,49.01,265,2014-09-22
T5,TES111,PO,DC,10,Organic,0.037916279,49.01,265,2014-09-22
T6,TES136,BG,DC,10,Mineral,61.10454245,40.87852434,300,2014-10-27
T6,TES136,CBH,DC,10,Mineral,11.72234214,40.87852434,300,2014-10-27
T6,TES136,BX,DC,10,Mineral,18.74900239,40.87852434,300,2014-10-27
T6,TES136,NAG,DC,10,Mineral,26.60004211,40.87852434,300,2014-10-27
T6,TES136,PHOS,DC,10,Mineral,184.8895496,40.87852434,300,2014-10-27
T6,TES136,HPO,DC,10,Mineral,4.615097787,40.87852434,300,2014-10-27
T6,TES136,PO,DC,10,Mineral,0.126066294,40.8785,300,2014-10-27
T6,TES135,BG,DC,10,Organic,42.83607859,60.17978237,300,2014-10-27
T6,TES135,CBH,DC,10,Organic,24.90637545,60.17978237,300,2014-10-27
T6,TES135,BX,DC,10,Organic,28.38424568,60.17978237,300,2014-10-27
T6,TES135,NAG,DC,10,Organic,728.2802607,60.17978237,300,2014-10-27
T6,TES135,PHOS,DC,10,Organic,1140.560057,60.17978237,300,2014-10-27
T6,TES135,HPO,DC,10,Organic,4.480245092,60.17978237,300,2014-10-27
T6,TES135,PO,DC,10,Organic,0.260083169,60.17978237,300,2014-10-27
T2,TES038,BX,H,12,Mineral,231.4713545,64.96,154,2014-06-03
T2,TES038,CBH,H,12,Mineral,81.14132942,64.96,154,2014-06-03
T2,TES038,HPO,H,12,Mineral,1.29493802,64.96,154,2014-06-03
T2,TES038,NAG,H,12,Mineral,39.93698046,64.96,154,2014-06-03
T2,TES038,BG,H,12,Mineral,266.1656578,64.96,154,2014-06-03
T2,TES038,PO,H,12,Mineral,0.594745233,64.96,154,2014-06-03
T2,TES037,BX,H,12,Organic,424.8889749,47.82,154,2014-06-03
T2,TES037,CBH,H,12,Organic,131.7265473,47.82,154,2014-06-03
T2,TES037,HPO,H,12,Organic,1.923782912,47.82,154,2014-06-03
T2,TES037,NAG,H,12,Organic,112.6504451,47.82,154,2014-06-03
T2,TES037,BG,H,12,Organic,385.17316,47.82,154,2014-06-03
T2,TES037,PO,H,12,Organic,-0.03217472,47.82,154,2014-06-03
T3,TES062,BX,H,12,Mineral,114.3773734,60.67,181,2014-06-30
T3,TES062,CBH,H,12,Mineral,39.87518753,60.67,181,2014-06-30
T3,TES062,HPO,H,12,Mineral,2.113158105,60.67,181,2014-06-30
T3,TES062,NAG,H,12,Mineral,84.5217399,60.67,181,2014-06-30
T3,TES062,PHOS,H,12,Mineral,573.8793604,60.67,181,2014-06-30
T3,TES062,PO,H,12,Mineral,0.065096092,60.67,181,2014-06-30
T3,TES062,BG,H,12,Mineral,204.1108458,60.67,181,2014-06-30
T3,TES061,BX,H,12,Organic,456.5693791,80.4,181,2014-06-30
T3,TES061,CBH,H,12,Organic,235.4707063,80.4,181,2014-06-30
T3,TES061,HPO,H,12,Organic,7.396455892,80.4,181,2014-06-30
T3,TES061,NAG,H,12,Organic,548.3100223,80.4,181,2014-06-30
T3,TES061,PHOS,H,12,Organic,1348.642481,80.4,181,2014-06-30
T3,TES061,PO,H,12,Organic,0.33312513,80.4,181,2014-06-30
T3,TES061,BG,H,12,Organic,797.7288305,80.4,181,2014-06-30
T4,TES086,BX,H,12,Mineral,58.60924615,21.10818681,237,2014-08-25
T4,TES086,CBH,H,12,Mineral,30.23558595,21.10818681,237,2014-08-25
T4,TES086,HPO,H,12,Mineral,0.35153677,21.10818681,237,2014-08-25
T4,TES086,NAG,H,12,Mineral,13.86951528,21.10818681,237,2014-08-25
T4,TES086,PHOS,H,12,Mineral,177.0170929,21.10818681,237,2014-08-25
T4,TES086,PO,H,12,Mineral,0.006125783,21.10818681,237,2014-08-25
T4,TES086,BG,H,12,Mineral,96.45194507,21.10818681,237,2014-08-25
T4,TES085,BG,DC,12,Organic,346.3328031,32.24871852,237,2014-08-25
T4,TES085,BX,DC,12,Organic,154.1704708,32.24871852,237,2014-08-25
T4,TES085,CBH,DC,12,Organic,138.6385367,32.24871852,237,2014-08-25
T4,TES085,HPO,DC,12,Organic,2.079817651,32.24871852,237,2014-08-25
T4,TES085,NAG,DC,12,Organic,326.3727623,32.24871852,237,2014-08-25
T4,TES085,PHOS,DC,12,Organic,651.3132759,32.24871852,237,2014-08-25
T4,TES085,PO,DC,12,Organic,0.012891508,32.24871852,237,2014-08-25
T5,TES110,BX,H,12,Mineral,32.7493818,18.51,265,2014-09-22
T5,TES110,CBH,H,12,Mineral,123.6521276,18.51,265,2014-09-22
T5,TES110,HPO,H,12,Mineral,0.853133453,18.51,265,2014-09-22
T5,TES110,NAG,H,12,Mineral,201.5358643,18.51,265,2014-09-22
T5,TES110,PHOS,H,12,Mineral,176.0786219,18.51,265,2014-09-22
T5,TES110,PO,H,12,Mineral,-0.004630923,18.51,265,2014-09-22
T5,TES110,BG,H,12,Mineral,145.6889957,18.51,265,2014-09-22
T5,TES109,BX,H,12,Organic,115.7728445,38.28,265,2014-09-22
T5,TES109,CBH,H,12,Organic,129.2040583,38.28,265,2014-09-22
T5,TES109,HPO,H,12,Organic,1.734067266,38.28,265,2014-09-22
T5,TES109,NAG,H,12,Organic,352.3436911,38.28,265,2014-09-22
T5,TES109,PHOS,H,12,Organic,487.8434711,38.28,265,2014-09-22
T5,TES109,PO,H,12,Organic,0.001857213,38.28,265,2014-09-22
T5,TES109,BG,H,12,Organic,248.6356878,38.28,265,2014-09-22
T6,TES134,CBH,H,12,Mineral,28.26442589,29.06396744,300,2014-10-27
T6,TES134,BX,H,12,Mineral,39.5490897,29.06396744,300,2014-10-27
T6,TES134,NAG,H,12,Mineral,104.3224383,29.06396744,300,2014-10-27
T6,TES134,PHOS,H,12,Mineral,258.4970445,29.06396744,300,2014-10-27
T6,TES134,HPO,H,12,Mineral,2.11674885,29.06396744,300,2014-10-27
T6,TES134,PO,H,12,Mineral,0.084003855,29.06396744,300,2014-10-27
T6,TES134,BG,H,12,Mineral,102.4819292,29.06396744,300,2014-10-27
T6,TES133,CBH,H,12,Organic,198.778893,43.06669437,300,2014-10-27
T6,TES133,BX,H,12,Organic,114.0303288,43.06669437,300,2014-10-27
T6,TES133,NAG,H,12,Organic,1618.308957,43.06669437,300,2014-10-27
T6,TES133,PHOS,H,12,Organic,465.4045342,43.06669437,300,2014-10-27
T6,TES133,HPO,H,12,Organic,1.798982263,43.06669437,300,2014-10-27
T6,TES133,PO,H,12,Organic,0.138209038,43.06669437,300,2014-10-27
T6,TES133,BG,H,12,Organic,447.6621826,43.06669437,300,2014-10-27
T2,TES044,BG,DC,13,Mineral,72.94836543,41.02,154,2014-06-03
T2,TES044,BX,DC,13,Mineral,50.93570017,41.02,154,2014-06-03
T2,TES044,CBH,DC,13,Mineral,32.64004403,41.02,154,2014-06-03
T2,TES044,HPO,DC,13,Mineral,0.371172476,41.02,154,2014-06-03
T2,TES044,NAG,DC,13,Mineral,39.77505693,41.02,154,2014-06-03
T2,TES044,PO,DC,13,Mineral,-0.020890479,41.02,154,2014-06-03
T2,TES043,BG,DC,13,Organic,454.292167,64.9,154,2014-06-03
T2,TES043,BX,DC,13,Organic,303.5599652,64.9,154,2014-06-03
T2,TES043,CBH,DC,13,Organic,132.5615659,64.9,154,2014-06-03
T2,TES043,HPO,DC,13,Organic,1.515766133,64.9,154,2014-06-03
T2,TES043,NAG,DC,13,Organic,158.2609069,64.9,154,2014-06-03
T2,TES043,PO,DC,13,Organic,0.046281471,64.9,154,2014-06-03
T3,TES068,BG,DC,13,Mineral,246.4310705,64.2,181,2014-06-30
T3,TES068,BX,DC,13,Mineral,146.5503195,64.2,181,2014-06-30
T3,TES068,CBH,DC,13,Mineral,64.65291907,64.2,181,2014-06-30
T3,TES068,HPO,DC,13,Mineral,3.476614074,64.2,181,2014-06-30
T3,TES068,NAG,DC,13,Mineral,132.915857,64.2,181,2014-06-30
T3,TES068,PHOS,DC,13,Mineral,586.3735156,64.2,181,2014-06-30
T3,TES068,PO,DC,13,Mineral,0.092214912,64.2,181,2014-06-30
T3,TES067,BG,DC,13,Organic,773.4103239,80.5,181,2014-06-30
T3,TES067,BX,DC,13,Organic,328.4379858,80.5,181,2014-06-30
T3,TES067,CBH,DC,13,Organic,175.561284,80.5,181,2014-06-30
T3,TES067,HPO,DC,13,Organic,2.653351714,80.5,181,2014-06-30
T3,TES067,NAG,DC,13,Organic,489.9453482,80.5,181,2014-06-30
T3,TES067,PHOS,DC,13,Organic,1023.726546,80.5,181,2014-06-30
T3,TES067,PO,DC,13,Organic,0.234411627,80.5,181,2014-06-30
T4,TES092,BG,DC,13,Mineral,127.4059521,25.27054976,237,2014-08-25
T4,TES092,BX,DC,13,Mineral,72.92542799,25.27054976,237,2014-08-25
T4,TES092,CBH,DC,13,Mineral,34.01219964,25.27054976,237,2014-08-25
T4,TES092,HPO,DC,13,Mineral,1.022537808,25.27054976,237,2014-08-25
T4,TES092,NAG,DC,13,Mineral,23.85820812,25.27054976,237,2014-08-25
T4,TES092,PHOS,DC,13,Mineral,293.9592562,25.27054976,237,2014-08-25
T4,TES092,PO,DC,13,Mineral,0.067505592,25.27054976,237,2014-08-25
T4,TES091,BG,DC,13,Organic,327.8257256,31.7617866,237,2014-08-25
T4,TES091,BX,DC,13,Organic,114.4634722,31.7617866,237,2014-08-25
T4,TES091,CBH,DC,13,Organic,137.0331299,31.7617866,237,2014-08-25
T4,TES091,HPO,DC,13,Organic,1.736931557,31.7617866,237,2014-08-25
T4,TES091,NAG,DC,13,Organic,278.785433,31.7617866,237,2014-08-25
T4,TES091,PHOS,DC,13,Organic,1074.782435,31.7617866,237,2014-08-25
T4,TES091,PO,DC,13,Organic,0.052311661,31.7617866,237,2014-08-25
T5,TES116,BG,DC,13,Mineral,61.0606072,18.94,265,2014-09-22
T5,TES116,BX,DC,13,Mineral,16.19816476,18.94,265,2014-09-22
T5,TES116,CBH,DC,13,Mineral,19.93610277,18.94,265,2014-09-22
T5,TES116,HPO,DC,13,Mineral,1.191312189,18.94,265,2014-09-22
T5,TES116,NAG,DC,13,Mineral,25.22147165,18.94,265,2014-09-22
T5,TES116,PHOS,DC,13,Mineral,275.5871377,18.94,265,2014-09-22
T5,TES116,PO,DC,13,Mineral,-0.003567787,18.94,265,2014-09-22
T5,TES115,BG,DC,13,Organic,205.1964999,50.89,265,2014-09-22
T5,TES115,BX,DC,13,Organic,62.17440562,50.89,265,2014-09-22
T5,TES115,CBH,DC,13,Organic,59.66978653,50.89,265,2014-09-22
T5,TES115,HPO,DC,13,Organic,2.585194106,50.89,265,2014-09-22
T5,TES115,NAG,DC,13,Organic,249.2113545,50.89,265,2014-09-22
T5,TES115,PHOS,DC,13,Organic,688.2236233,50.89,265,2014-09-22
T5,TES115,PO,DC,13,Organic,0.128982359,50.89,265,2014-09-22
T6,TES140,BG,DC,13,Mineral,76.08150649,30.28770155,300,2014-10-27
T6,TES140,CBH,DC,13,Mineral,16.80334904,30.28770155,300,2014-10-27
T6,TES140,BX,DC,13,Mineral,19.40023825,30.28770155,300,2014-10-27
T6,TES140,NAG,DC,13,Mineral,27.83681114,30.28770155,300,2014-10-27
T6,TES140,PHOS,DC,13,Mineral,271.4401875,30.28770155,300,2014-10-27
T6,TES140,HPO,DC,13,Mineral,1.252558316,30.28770155,300,2014-10-27
T6,TES140,PO,DC,13,Mineral,0.075990053,30.28770155,300,2014-10-27
T6,TES139,BG,DC,13,Organic,122.5618785,36.00596681,300,2014-10-27
T6,TES139,CBH,DC,13,Organic,17.70526865,36.00596681,300,2014-10-27
T6,TES139,BX,DC,13,Organic,36.35030718,36.00596681,300,2014-10-27
T6,TES139,NAG,DC,13,Organic,245.1566381,36.00596681,300,2014-10-27
T6,TES139,PHOS,DC,13,Organic,750.1356793,36.00596681,300,2014-10-27
T6,TES139,HPO,DC,13,Organic,1.152293566,36.00596681,300,2014-10-27
T6,TES139,PO,DC,13,Organic,0.171077661,36.00596681,300,2014-10-27
T2,TES042,BG,H,15,Mineral,121.7309226,52.7,154,2014-06-03
T2,TES042,BX,H,15,Mineral,162.712319,52.7,154,2014-06-03
T2,TES042,CBH,H,15,Mineral,30.23342829,52.7,154,2014-06-03
T2,TES042,HPO,H,15,Mineral,0.754434103,52.7,154,2014-06-03
T2,TES042,NAG,H,15,Mineral,26.46249357,52.7,154,2014-06-03
T2,TES042,PO,H,15,Mineral,0.120356812,52.7,154,2014-06-03
T2,TES041,BX,H,15,Organic,353.561764,59.72,154,2014-06-03
T2,TES041,CBH,H,15,Organic,58.08885328,59.72,154,2014-06-03
T2,TES041,HPO,H,15,Organic,2.823180653,59.72,154,2014-06-03
T2,TES041,NAG,H,15,Organic,103.1148955,59.72,154,2014-06-03
T2,TES041,BG,H,15,Organic,204.467165,59.72,154,2014-06-03
T2,TES041,PO,H,15,Organic,1.388326463,59.72,154,2014-06-03
T3,TES066,BG,H,15,Mineral,479.3328741,59.6,181,2014-06-30
T3,TES066,BX,H,15,Mineral,280.6577333,59.6,181,2014-06-30
T3,TES066,CBH,H,15,Mineral,124.1166382,59.6,181,2014-06-30
T3,TES066,HPO,H,15,Mineral,3.043025289,59.6,181,2014-06-30
T3,TES066,NAG,H,15,Mineral,195.1305506,59.6,181,2014-06-30
T3,TES066,PHOS,H,15,Mineral,658.0813206,59.6,181,2014-06-30
T3,TES066,PO,H,15,Mineral,0.08110481,59.6,181,2014-06-30
T3,TES065,BX,H,15,Organic,183.5847601,63.28,181,2014-06-30
T3,TES065,CBH,H,15,Organic,146.6834311,63.28,181,2014-06-30
T3,TES065,HPO,H,15,Organic,4.120705114,63.28,181,2014-06-30
T3,TES065,NAG,H,15,Organic,353.8373349,63.28,181,2014-06-30
T3,TES065,PHOS,H,15,Organic,581.6918951,63.28,181,2014-06-30
T3,TES065,PO,H,15,Organic,0.323860685,63.28,181,2014-06-30
T3,TES065,BG,H,15,Organic,340.2227441,63.28,181,2014-06-30
T4,TES090,BG,DC,15,Mineral,177.4745885,24.04222404,237,2014-08-25
T4,TES090,BX,DC,15,Mineral,128.8321009,24.04222404,237,2014-08-25
T4,TES090,CBH,DC,15,Mineral,78.9183478,24.04222404,237,2014-08-25
T4,TES090,HPO,DC,15,Mineral,2.240537238,24.04222404,237,2014-08-25
T4,TES090,NAG,DC,15,Mineral,33.08918048,24.04222404,237,2014-08-25
T4,TES090,PHOS,DC,15,Mineral,256.2995975,24.04222404,237,2014-08-25
T4,TES090,PO,DC,15,Mineral,0.016431061,24.04222404,237,2014-08-25
T4,TES089,BX,H,15,Organic,114.186629,31.67177914,237,2014-08-25
T4,TES089,CBH,H,15,Organic,105.0561141,31.67177914,237,2014-08-25
T4,TES089,HPO,H,15,Organic,2.921256088,31.67177914,237,2014-08-25
T4,TES089,NAG,H,15,Organic,372.7291459,31.67177914,237,2014-08-25
T4,TES089,PHOS,H,15,Organic,389.5892549,31.67177914,237,2014-08-25
T4,TES089,PO,H,15,Organic,0.09804746,31.67177914,237,2014-08-25
T4,TES089,BG,H,15,Organic,271.3170433,31.67177914,237,2014-08-25
T5,TES114,BG,H,15,Mineral,54.27938239,13.82,265,2014-09-22
T5,TES114,BX,H,15,Mineral,12.53710952,13.82,265,2014-09-22
T5,TES114,CBH,H,15,Mineral,11.62734414,13.82,265,2014-09-22
T5,TES114,HPO,H,15,Mineral,0.80794918,13.82,265,2014-09-22
T5,TES114,NAG,H,15,Mineral,17.65269013,13.82,265,2014-09-22
T5,TES114,PHOS,H,15,Mineral,93.18813252,13.82,265,2014-09-22
T5,TES114,PO,H,15,Mineral,-0.022698832,13.82,265,2014-09-22
T5,TES113,BX,H,15,Organic,56.2123104,39.7,265,2014-09-22
T5,TES113,CBH,H,15,Organic,24.02823852,39.7,265,2014-09-22
T5,TES113,HPO,H,15,Organic,3.512768598,39.7,265,2014-09-22
T5,TES113,NAG,H,15,Organic,157.3740374,39.7,265,2014-09-22
T5,TES113,PHOS,H,15,Organic,510.990426,39.7,265,2014-09-22
T5,TES113,PO,H,15,Organic,0.003409768,39.7,265,2014-09-22
T5,TES113,BG,H,15,Organic,117.9487518,39.7,265,2014-09-22
T6,TES138,BG,H,15,Mineral,145.9870204,36.5206931,300,2014-10-27
T6,TES138,CBH,H,15,Mineral,108.8340489,36.5206931,300,2014-10-27
T6,TES138,BX,H,15,Mineral,34.25297994,36.5206931,300,2014-10-27
T6,TES138,NAG,H,15,Mineral,99.01589724,36.5206931,300,2014-10-27
T6,TES138,PHOS,H,15,Mineral,159.5137192,36.5206931,300,2014-10-27
T6,TES138,HPO,H,15,Mineral,1.224535909,36.5206931,300,2014-10-27
T6,TES138,PO,H,15,Mineral,0.057159997,36.5206931,300,2014-10-27
T6,TES137,CBH,H,15,Organic,93.42413686,55.2917342,300,2014-10-27
T6,TES137,BX,H,15,Organic,160.1341097,55.2917342,300,2014-10-27
T6,TES137,NAG,H,15,Organic,183.4994793,55.2917342,300,2014-10-27
T6,TES137,PHOS,H,15,Organic,509.4272169,55.2917342,300,2014-10-27
T6,TES137,HPO,H,15,Organic,2.85153594,55.2917342,300,2014-10-27
T6,TES137,PO,H,15,Organic,0.16164696,55.2917342,300,2014-10-27
T6,TES137,BG,H,15,Organic,306.4116172,55.2917342,300,2014-10-27
T2,TES046,BG,H,16,Mineral,128.2082127,59.71,154,2014-06-03
T2,TES046,BX,H,16,Mineral,103.128281,59.71,154,2014-06-03
T2,TES046,CBH,H,16,Mineral,33.6126625,59.71,154,2014-06-03
T2,TES046,HPO,H,16,Mineral,0.331102704,59.71,154,2014-06-03
T2,TES046,NAG,H,16,Mineral,33.03764028,59.71,154,2014-06-03
T2,TES046,PO,H,16,Mineral,-0.156539904,59.71,154,2014-06-03
T2,TES045,BX,H,16,Organic,315.0991421,50.36,154,2014-06-03
T2,TES045,CBH,H,16,Organic,121.3670409,50.36,154,2014-06-03
T2,TES045,HPO,H,16,Organic,1.739315197,50.36,154,2014-06-03
T2,TES045,NAG,H,16,Organic,92.00697477,50.36,154,2014-06-03
T2,TES045,BG,H,16,Organic,247.7485367,50.36,154,2014-06-03
T2,TES045,PO,H,16,Organic,-0.010165474,50.36,154,2014-06-03
T3,TES070,BG,H,16,Mineral,160.8768045,39.96,181,2014-06-30
T3,TES070,BX,H,16,Mineral,57.55115305,39.96,181,2014-06-30
T3,TES070,CBH,H,16,Mineral,32.95225262,39.96,181,2014-06-30
T3,TES070,HPO,H,16,Mineral,1.321774938,39.96,181,2014-06-30
T3,TES070,NAG,H,16,Mineral,120.668523,39.96,181,2014-06-30
T3,TES070,PHOS,H,16,Mineral,364.9657876,39.96,181,2014-06-30
T3,TES070,PO,H,16,Mineral,0.034320377,39.96,181,2014-06-30
T3,TES069,BX,H,16,Organic,213.9610422,73.72,181,2014-06-30
T3,TES069,CBH,H,16,Organic,131.665631,73.72,181,2014-06-30
T3,TES069,HPO,H,16,Organic,5.786799879,73.72,181,2014-06-30
T3,TES069,NAG,H,16,Organic,433.6661216,73.72,181,2014-06-30
T3,TES069,PHOS,H,16,Organic,1102.966951,73.72,181,2014-06-30
T3,TES069,PO,H,16,Organic,0.123610665,73.72,181,2014-06-30
T3,TES069,BG,H,16,Organic,502.6153946,73.72,181,2014-06-30
T4,TES094,BG,H,16,Mineral,66.11543546,17.62040429,237,2014-08-25
T4,TES094,BX,H,16,Mineral,33.37723237,17.62040429,237,2014-08-25
T4,TES094,CBH,H,16,Mineral,13.90615374,17.62040429,237,2014-08-25
T4,TES094,HPO,H,16,Mineral,0.447242719,17.62040429,237,2014-08-25
T4,TES094,NAG,H,16,Mineral,12.81833239,17.62040429,237,2014-08-25
T4,TES094,PHOS,H,16,Mineral,134.0882689,17.62040429,237,2014-08-25
T4,TES094,PO,H,16,Mineral,0.015214461,17.62040429,237,2014-08-25
T4,TES093,BX,H,16,Organic,118.2095138,27.90433521,237,2014-08-25
T4,TES093,CBH,H,16,Organic,74.07435648,27.90433521,237,2014-08-25
T4,TES093,HPO,H,16,Organic,3.531483548,27.90433521,237,2014-08-25
T4,TES093,NAG,H,16,Organic,58.59571593,27.90433521,237,2014-08-25
T4,TES093,PHOS,H,16,Organic,529.7501858,27.90433521,237,2014-08-25
T4,TES093,PO,H,16,Organic,0.009004949,27.90433521,237,2014-08-25
T4,TES093,BG,H,16,Organic,181.1383031,27.90433521,237,2014-08-25
T5,TES118,BG,H,16,Mineral,62.00398633,17.54,265,2014-09-22
T5,TES118,BX,H,16,Mineral,25.90879614,17.54,265,2014-09-22
T5,TES118,CBH,H,16,Mineral,18.34577112,17.54,265,2014-09-22
T5,TES118,HPO,H,16,Mineral,0.600320747,17.54,265,2014-09-22
T5,TES118,NAG,H,16,Mineral,27.12690343,17.54,265,2014-09-22
T5,TES118,PHOS,H,16,Mineral,150.3864857,17.54,265,2014-09-22
T5,TES118,PO,H,16,Mineral,-0.003862578,17.54,265,2014-09-22
T5,TES117,BX,H,16,Organic,33.38137716,31.61,265,2014-09-22
T5,TES117,CBH,H,16,Organic,25.27004749,31.61,265,2014-09-22
T5,TES117,HPO,H,16,Organic,3.023545552,31.61,265,2014-09-22
T5,TES117,NAG,H,16,Organic,190.1968371,31.61,265,2014-09-22
T5,TES117,PHOS,H,16,Organic,534.7747055,31.61,265,2014-09-22
T5,TES117,PO,H,16,Organic,-0.001474718,31.61,265,2014-09-22
T5,TES117,BG,H,16,Organic,105.5535679,31.61,265,2014-09-22
T6,TES142,BG,H,16,Mineral,45.22271435,26.97102121,300,2014-10-27
T6,TES142,CBH,H,16,Mineral,26.02932779,26.97102121,300,2014-10-27
T6,TES142,BX,H,16,Mineral,49.16272943,26.97102121,300,2014-10-27
T6,TES142,NAG,H,16,Mineral,23.42658936,26.97102121,300,2014-10-27
T6,TES142,PHOS,H,16,Mineral,289.5672195,26.97102121,300,2014-10-27
T6,TES142,HPO,H,16,Mineral,1.01667198,26.97102121,300,2014-10-27
T6,TES142,PO,H,16,Mineral,0.083940655,26.97102121,300,2014-10-27
T6,TES141,CBH,H,16,Organic,125.1376461,48.34117647,300,2014-10-27
T6,TES141,BX,H,16,Organic,161.1008005,48.34117647,300,2014-10-27
T6,TES141,NAG,H,16,Organic,146.2888853,48.34117647,300,2014-10-27
T6,TES141,PHOS,H,16,Organic,489.8444697,48.34117647,300,2014-10-27
T6,TES141,HPO,H,16,Organic,4.956412653,48.34117647,300,2014-10-27
T6,TES141,PO,H,16,Organic,0.14377428,48.34117647,300,2014-10-27
T6,TES141,BG,H,16,Organic,278.3641793,48.34117647,300,2014-10-27
T2,TES048,BG,DC,17,Mineral,145.6892418,36.63,154,2014-06-03
T2,TES048,BX,DC,17,Mineral,127.4900571,36.63,154,2014-06-03
T2,TES048,CBH,DC,17,Mineral,43.81155,36.63,154,2014-06-03
T2,TES048,HPO,DC,17,Mineral,1.117746205,36.63,154,2014-06-03
T2,TES048,NAG,DC,17,Mineral,26.28697294,36.63,154,2014-06-03
T2,TES048,PO,DC,17,Mineral,0.049656403,36.63,154,2014-06-03
T2,TES047,BG,DC,17,Organic,327.0315141,49.27,154,2014-06-03
T2,TES047,BX,DC,17,Organic,213.9580723,49.27,154,2014-06-03
T2,TES047,CBH,DC,17,Organic,115.437569,49.27,154,2014-06-03
T2,TES047,HPO,DC,17,Organic,2.020118608,49.27,154,2014-06-03
T2,TES047,NAG,DC,17,Organic,195.3734634,49.27,154,2014-06-03
T2,TES047,PO,DC,17,Organic,-0.147145735,49.27,154,2014-06-03
T3,TES072,BG,DC,17,Mineral,240.03073,64.78,181,2014-06-30
T3,TES072,BX,DC,17,Mineral,103.8506732,64.78,181,2014-06-30
T3,TES072,CBH,DC,17,Mineral,51.13835997,64.78,181,2014-06-30
T3,TES072,HPO,DC,17,Mineral,1.480418822,64.78,181,2014-06-30
T3,TES072,NAG,DC,17,Mineral,71.14482621,64.78,181,2014-06-30
T3,TES072,PHOS,DC,17,Mineral,439.8676731,64.78,181,2014-06-30
T3,TES072,PO,DC,17,Mineral,0.062676541,64.78,181,2014-06-30
T3,TES071,BG,DC,17,Organic,697.9216751,76.88,181,2014-06-30
T3,TES071,BX,DC,17,Organic,348.9496178,76.88,181,2014-06-30
T3,TES071,CBH,DC,17,Organic,208.5233104,76.88,181,2014-06-30
T3,TES071,HPO,DC,17,Organic,5.664962726,76.88,181,2014-06-30
T3,TES071,NAG,DC,17,Organic,542.8168589,76.88,181,2014-06-30
T3,TES071,PHOS,DC,17,Organic,1522.127496,76.88,181,2014-06-30
T3,TES071,PO,DC,17,Organic,0.185521017,76.88,181,2014-06-30
T4,TES096,BG,DC,17,Mineral,151.3748539,23.7455344,237,2014-08-25
T4,TES096,BX,DC,17,Mineral,52.5452222,23.7455344,237,2014-08-25
T4,TES096,CBH,DC,17,Mineral,52.86494617,23.7455344,237,2014-08-25
T4,TES096,HPO,DC,17,Mineral,1.22569821,23.7455344,237,2014-08-25
T4,TES096,NAG,DC,17,Mineral,21.4162992,23.7455344,237,2014-08-25
T4,TES096,PHOS,DC,17,Mineral,266.7778565,23.7455344,237,2014-08-25
T4,TES096,PO,DC,17,Mineral,-0.001527689,23.7455344,237,2014-08-25
T4,TES095,BX,H,17,Organic,188.4041509,48.08619561,237,2014-08-25
T4,TES095,CBH,H,17,Organic,108.7521313,48.08619561,237,2014-08-25
T4,TES095,HPO,H,17,Organic,2.778302828,48.08619561,237,2014-08-25
T4,TES095,NAG,H,17,Organic,168.4831525,48.08619561,237,2014-08-25
T4,TES095,PHOS,H,17,Organic,572.3092566,48.08619561,237,2014-08-25
T4,TES095,PO,H,17,Organic,0.046204956,48.08619561,237,2014-08-25
T4,TES095,BG,H,17,Organic,320.5132536,48.08619561,237,2014-08-25
T5,TES120,BG,DC,17,Mineral,86.25774902,22.16,265,2014-09-22
T5,TES120,BX,DC,17,Mineral,39.65863827,22.16,265,2014-09-22
T5,TES120,CBH,DC,17,Mineral,26.15663258,22.16,265,2014-09-22
T5,TES120,HPO,DC,17,Mineral,1.316390199,22.16,265,2014-09-22
T5,TES120,NAG,DC,17,Mineral,29.72671758,22.16,265,2014-09-22
T5,TES120,PHOS,DC,17,Mineral,154.4332753,22.16,265,2014-09-22
T5,TES120,PO,DC,17,Mineral,-0.002857353,22.16,265,2014-09-22
T5,TES119,BG,DC,17,Organic,237.6247892,39.6,265,2014-09-22
T5,TES119,BX,DC,17,Organic,102.6491751,39.6,265,2014-09-22
T5,TES119,CBH,DC,17,Organic,89.78846559,39.6,265,2014-09-22
T5,TES119,HPO,DC,17,Organic,1.376705749,39.6,265,2014-09-22
T5,TES119,NAG,DC,17,Organic,228.2657171,39.6,265,2014-09-22
T5,TES119,PHOS,DC,17,Organic,540.181711,39.6,265,2014-09-22
T5,TES119,PO,DC,17,Organic,-0.007174735,39.6,265,2014-09-22
T6,TES144,BG,DC,17,Mineral,99.56650827,32.12713548,300,2014-10-27
T6,TES144,CBH,DC,17,Mineral,21.97864978,32.12713548,300,2014-10-27
T6,TES144,BX,DC,17,Mineral,26.4409019,32.12713548,300,2014-10-27
T6,TES144,NAG,DC,17,Mineral,36.50629101,32.12713548,300,2014-10-27
T6,TES144,PHOS,DC,17,Mineral,268.7721083,32.12713548,300,2014-10-27
T6,TES144,HPO,DC,17,Mineral,1.194000167,32.12713548,300,2014-10-27
T6,TES144,PO,DC,17,Mineral,0.065077026,32.12713548,300,2014-10-27
T6,TES143,BG,DC,17,Organic,167.4194521,50.06931729,300,2014-10-27
T6,TES143,CBH,DC,17,Organic,64.86682934,50.06931729,300,2014-10-27
T6,TES143,BX,DC,17,Organic,69.24589238,50.06931729,300,2014-10-27
T6,TES143,NAG,DC,17,Organic,201.1322682,50.06931729,300,2014-10-27
T6,TES143,PHOS,DC,17,Organic,493.5484406,50.06931729,300,2014-10-27
T6,TES143,HPO,DC,17,Organic,2.30115906,50.06931729,300,2014-10-27
T6,TES143,PO,DC,17,Organic,0.11124022,50.06931729,300,2014-10-27
